{"stat.useItem.minecraft.painting":5,"stat.leaveGame":2,"stat.useItem.minecraft.bookshelf":25,"stat.useItem.minecraft.carpet":322,"stat.useItem.minecraft.flower_pot":7,"stat.jump":285,"stat.useItem.minecraft.sand":3,"stat.swimOneCm":341,"stat.useItem.minecraft.planks":203,"stat.fallOneCm":4771,"stat.pickup.minecraft.rail":5,"stat.pickup.minecraft.painting":1,"stat.pickup.minecraft.dirt":1,"stat.useItem.minecraft.glass":37,"stat.pickup.minecraft.sand":1,"stat.useItem.minecraft.red_flower":6,"stat.pickup.minecraft.brick_block":129,"stat.useItem.minecraft.golden_rail":21,"stat.drop.minecraft.brick_block":1,"stat.pickup.minecraft.leather":5,"stat.damageTaken":180,"stat.useItem.minecraft.rail":149,"stat.useItem.minecraft.brick_block":179,"stat.flyOneCm":276690,"stat.pickup.minecraft.wheat_seeds":7,"stat.damageDealt":548,"stat.drop.minecraft.carpet":1,"stat.timeSinceDeath":6864,"stat.useItem.minecraft.fence_gate":1,"stat.useItem.minecraft.sign":2,"stat.pickup.minecraft.minecart":1,"stat.mineBlock.minecraft.dirt":1,"stat.useItem.minecraft.spawn_egg":5,"stat.useItem.minecraft.iron_door":4,"stat.flowerPotted":6,"stat.useItem.minecraft.iron_bars":7,"stat.drop.minecraft.painting":1,"stat.walkOneCm":235380,"stat.useItem.minecraft.torch":17,"stat.useItem.minecraft.lever":7,"stat.mineBlock.minecraft.double_plant":1,"stat.pickup.minecraft.carpet":4,"stat.minecartOneCm":40285,"stat.useItem.minecraft.minecart":7,"stat.useItem.minecraft.redstone_block":2,"stat.pickup.minecraft.web":1,"stat.useItem.minecraft.fence":19,"stat.useItem.minecraft.glass_pane":366,"stat.killEntity.Horse":3,"stat.pickup.minecraft.grass":1,"stat.useItem.minecraft.iron_block":122,"stat.mobKills":3,"stat.pickup.minecraft.lever":1,"stat.deaths":3,"stat.drop":3,"stat.mineBlock.minecraft.leaves":4,"stat.playOneMinute":90698,"stat.sneakTime":80,"stat.pickup.minecraft.glass_pane":1,"stat.pickup.minecraft.iron_block":1,"stat.pickup.minecraft.yellow_flower":1,"stat.pickup.minecraft.golden_rail":1,"stat.mineBlock.minecraft.tallgrass":12,"stat.diveOneCm":1598,"stat.useItem.minecraft.web":33}