{"stat.chestOpened":7,"stat.flowerPotted":2,"stat.useItem.minecraft.command_block":20,"stat.useItem.minecraft.splash_potion":198,"stat.walkOneCm":261630,"stat.useItem.minecraft.torch":8,"stat.useItem.minecraft.quartz_block":157,"stat.useItem.minecraft.chest":4,"stat.useItem.minecraft.lever":14,"stat.pickup.minecraft.stone_pressure_plate":2,"stat.useItem.minecraft.pumpkin":37,"stat.useItem.minecraft.repeater":12,"stat.leaveGame":1,"stat.pickup.minecraft.crafting_table":1,"stat.useItem.minecraft.oak_stairs":3,"stat.pickup.minecraft.carpet":1,"stat.minecartOneCm":40349,"stat.useItem.minecraft.diamond_sword":10,"stat.useItem.minecraft.carpet":55,"stat.pickup.minecraft.redstone_block":2,"stat.useItem.minecraft.jungle_fence_gate":6,"stat.useItem.minecraft.flower_pot":2,"stat.jump":426,"stat.drop.minecraft.glass_pane":1,"stat.useItem.minecraft.minecart":8,"stat.fallOneCm":209,"stat.useItem.minecraft.planks":180,"stat.useItem.minecraft.redstone_block":30,"stat.useItem.minecraft.end_rod":8,"stat.useItem.minecraft.redstone":34,"stat.useItem.minecraft.yellow_flower":7,"stat.crouchOneCm":31655,"stat.pickup.minecraft.rail":4,"stat.useItem.minecraft.dirt":281,"stat.useItem.minecraft.stone_button":20,"stat.pickup.minecraft.dirt":2,"stat.sprintOneCm":22649,"stat.useItem.minecraft.concrete":8,"stat.useItem.minecraft.glass_pane":12,"stat.useItem.minecraft.red_flower":4,"stat.killEntity.Horse":10,"stat.useItem.minecraft.redstone_lamp":8,"stat.pickup.minecraft.repeater":1,"stat.pickup.minecraft.grass":1,"stat.useItem.minecraft.iron_block":13,"stat.pickup.minecraft.anvil":1,"stat.useItem.minecraft.golden_rail":170,"stat.drop.minecraft.brick_block":64,"stat.pickup.minecraft.leather":6,"stat.useItem.minecraft.stone_pressure_plate":27,"stat.useItem.minecraft.gold_block":11,"stat.useItem.minecraft.rail":116,"stat.mobKills":15,"stat.pickup.minecraft.birch_fence":2,"stat.useItem.minecraft.brick_block":325,"stat.useItem.minecraft.anvil":2,"stat.flyOneCm":825700,"stat.pickup.minecraft.lever":4,"stat.deaths":2,"stat.pickup.minecraft.wheat_seeds":78,"stat.drop":3,"stat.useItem.minecraft.birch_fence":27,"stat.pickup.minecraft.quartz_block":1,"stat.playOneMinute":130985,"stat.pickup.minecraft.stone_button":1,"stat.pickup.minecraft.torch":2,"stat.killEntity.Sheep":5,"stat.pickup.minecraft.red_flower":3,"stat.pickup.minecraft.cactus":6,"stat.sneakTime":9720,"stat.pickup.minecraft.wool":4,"stat.damageDealt":480,"stat.drop.minecraft.carpet":1,"stat.pickup.minecraft.redstone":1,"stat.useItem.minecraft.wool":46,"stat.timeSinceDeath":9522,"stat.pickup.minecraft.yellow_flower":2,"stat.useItem.minecraft.crafting_table":3,"stat.pickup.minecraft.minecart":2,"stat.pickup.minecraft.golden_rail":8,"stat.mineBlock.minecraft.tallgrass":1,"stat.pickup.minecraft.mutton":16,"stat.useItem.minecraft.web":46}